stock,omega,alpha,beta,gamma
MMM,0.0018516258071108469,0.007680228639185758,0.9906181843907259,-0.003368265973630171
AOS,0.014651297234349514,0.010291510233137619,0.9354350706201549,0.06499843707810449
ABT,0.008012950718820811,0.024384456507668354,0.9515423951947296,0.005630824604326832
ABBV,0.013553952151342452,0.016698584658623245,0.939399095996247,0.03592907353282978
ACN,0.0024332539207101277,0.0006134638672115732,0.9714922580184648,0.048411357873852943
ADBE,0.005336835320088049,0.010241666302892782,0.970638775055426,0.02856320487684974
AMD,0.010649472084498143,0.006547848666935825,0.982219714380948,0.009313091281604942
AES,0.004160409410606213,0.00794825337547617,0.9716214279008922,0.031111155746681458
AFL,0.0051840414193664594,0.003993602292045793,0.9676611205717485,0.033041643504972185
A,0.0036950584282967568,5.447647777455459e-19,0.9794103075429136,0.027014005532034466
APD,0.015280479914229272,0.02825844282425168,0.9444721477900712,-0.006216753413405669
ABNB,0.0011449650906154504,0.2089962095668212,0.8950021231836874,-0.20925174109753494
AKAM,0.008997344399450437,0.03130101434249973,0.9542730151421585,0.002007937786431498
ALB,0.015249545550725236,0.01967478265630198,0.9753670696173967,-0.007310702396656897
ARE,0.001684640641073069,0.012195495091956506,0.9793094749749058,0.010632996573817818
ALGN,0.05360229370588984,0.0,0.9650345595288439,0.015256215391525005
ALLE,0.005110849023527057,0.01409435570235201,0.9762597205467272,0.0010563017373021418
LNT,0.0018768108180016443,0.007758864382316823,0.97367332010923,0.024569228229661653
ALL,0.004498749441739185,0.00456642516541887,0.9698972741159144,0.031974283180273066
GOOGL,11.98847384443946,7.701481374758575e-07,0.010672990816991459,-3.254001453151823e-05
GOOG,4.004709988148027,9.629096898761576e-06,0.6628657320799642,-0.0001420524255176331
MO,0.004446539136583134,0.015869451645157157,0.9720775445869491,0.0006731731475433687
AMZN,11.747052977417207,6.515790057299643e-07,0.01069250807014868,-3.9450856076459835e-06
AMCR,0.007317246606427547,0.005989253504345896,0.9613881805625217,0.03789923061695749
AEE,0.003421010891588551,0.028932474975245134,0.9563093415767091,0.009256667356352792
AAL,0.0031221575505789158,0.006835840952227477,0.9879110673839107,0.0075894646543111875
AEP,0.0016151306214528022,0.009233499460187023,0.9769642645290485,0.01679848551682954
AXP,0.0021394756329374772,9.080138033017198e-11,0.9840918237083632,0.027374575390862146
AIG,0.0021718667378525275,0.005315968447102861,0.971435153071082,0.044902863751407174
AMT,0.0021866810087293664,0.005933567219116795,0.9797809969493413,0.019934223992211904
AWK,0.0030261305394106088,0.017217137402336213,0.9655869483318408,0.01735869028084545
AMP,0.004682341622571244,0.0026325679404518966,0.9677252130836933,0.04750365928156561
AME,0.002573107992758696,0.005965440431539433,0.9688660480358986,0.036885972085997816
AMGN,0.012331665543357887,0.011179084986863529,0.9545671120177334,0.011915864805791371
APH,0.02952597637053002,2.813316798931661e-09,0.8210947070793613,0.35780987544806053
ADI,0.003221739268862028,3.1139625662735014e-21,0.9849234629333073,0.019650927106434474
ANSS,0.00444169486198761,0.0022150887443009738,0.974334955992521,0.03491329737058461
AON,0.005883270725891248,0.017286370142174608,0.9420638750567084,0.05841594956950973
APA,0.00461339009709607,0.0010291337119162486,0.9866318211050353,0.024678125367641652
AAPL,1.8706274782158225,4.8771492682358765e-06,0.35627911371334187,-0.00015240599572339543
AMAT,0.010954970970781802,0.004220264184164671,0.9764278848637462,0.01927988987636758
APTV,0.009070859034911342,0.008735043630589044,0.973051084824935,0.021075215264630125
ACGL,0.003184162840096866,0.014184326518854196,0.9699805275105153,0.019534848496782796
ADM,0.016519759487091796,0.0012977095938944655,0.9486689710659532,0.03723073539187755
ANET,0.005106249016966542,1.774951896645959e-07,0.9987580478656745,-7.073923589351779e-05
AJG,0.00580837936581974,0.026578619710271246,0.9382672742563881,0.03510565428750506
AIZ,0.0009406895399996978,9.467688622227365e-12,0.9866813297530121,0.02664675132716564
T,0.017167355539143586,0.06844363319456594,0.9205087456961131,-0.02732335093505491
ATO,0.0012327851913686546,0.009503499257924795,0.9765512156810063,0.020060324591753893
ADSK,0.01019216186858661,0.004072061220953356,0.9678239218989724,0.035586324361977104
ADP,0.007992137751762721,0.010557411680576145,0.9518633584387156,0.03337066913292842
AZO,0.006092726226661455,0.006293025471588787,0.9673402303805024,0.02377545418164762
AVB,0.002321075777158413,0.01943849846750765,0.9662799055937891,0.019556435971083867
AVY,0.001543030646745734,0.0,0.9864414717409296,0.022512657384759105
AXON,0.052107393826445615,0.07372819043959447,0.9154378767015026,-0.025826733028845417
BKR,0.008340206782458639,0.011150798093579979,0.9780654726278811,0.008017615403607918
BALL,0.03340024273802002,0.006799166025530235,0.8986670157890443,0.10361516106732514
BAC,0.004375387352286458,0.0030675386520837783,0.9781480241404585,0.02524855267990154
BK,0.006315943999269829,0.004443691161374616,0.9724532074575015,0.025441631000614542
BBWI,0.004870235803841876,9.340580102277621e-13,0.9911103158963652,0.013863303870879622
BAX,0.020030518028386103,0.07744343962528275,0.9153493479172687,-0.055502989100068054
BDX,0.0037941563883065557,0.026793366242774713,0.9746247115162703,-0.021335561388946257
BRK.B,0.0017997913501344215,0.013304261399713212,0.9635305569721827,0.03223962952010251
BBY,0.012989088079813586,0.030192708229014657,0.9575873522455084,-0.0011781666282814664
BIO,0.008724603956272111,0.001002771958958291,0.9719625911716316,0.033926329501081855
TECH,2.6857212896731744,0.0,0.17454358444593612,-1.9073426590819064e-06
BIIB,0.08765332352832104,0.36586667429232267,0.8170666634609537,-0.36586668506061626
BLK,0.0031916434724486398,0.004035288880789496,0.9765478769555432,0.025669346016269464
BX,0.006955957830956895,0.008846170668577553,0.9655281518373494,0.03777804739505588
BA,0.005666551186890006,0.01240985506255954,0.9741200101297999,0.017891837583440724
BKNG,0.006751556289520655,0.006311937253511126,0.9724589956985066,0.029902643648492756
BWA,0.017850022987772468,0.0008882648148145032,0.9677726237074252,0.022816169502394977
BXP,0.0007908034568101747,0.0060852480793838325,0.9834242978762742,0.020980908088683838
BSX,0.002395252365784704,0.0005252224533247083,0.9862043793752894,0.016437370797440214
BMY,0.004361022056540377,0.0008407304383347738,0.979148455576877,0.015239942192804555
AVGO,0.008329213060362392,0.020946213809915907,0.9624705774892923,0.010493024140320264
BR,0.006353154845802491,0.0045602021925331,0.9608401131612644,0.03513917833147022
BRO,0.007572436353695887,0.01009668457574928,0.9481965872424475,0.04423152236406563
BF.B,0.012874184318325262,0.023554225570814866,0.9450153841959306,0.0010288448924475342
BLDR,0.004593162637409601,0.0013960359472256062,0.9864113279844975,0.020166513360994284
BG,0.005054695341541262,0.005220758008716259,0.9772608849858341,0.020608174283422046
CDNS,0.005006426046712309,0.0017949796365070393,0.9798930426075625,0.02126035074409571
CZR,0.004734873745629407,0.002717114903483221,0.9808456435026246,0.02869240210111452
CPT,0.0021080071963129787,0.017824875716534957,0.9696311337687682,0.01647045288819706
CPB,0.01347917363480946,0.04921697325767217,0.9261390296007744,-0.01760188575850286
COF,0.003714269312210666,0.0032754104419850452,0.9820158481314694,0.022686636535123022
CAH,0.030775664976844735,0.05462834489428345,0.9097682158011551,-0.020790312419456235
KMX,0.024418962167933527,0.0648748535514191,0.9433863243688911,-0.04512452238832381
CCL,0.007820560900505267,0.008828350704686103,0.983248627260755,0.01054241361995258
CARR,0.00010674923219276248,0.09535828078825562,0.9522987830010176,-0.09516152479594728
CTLT,0.0015221926564101213,0.00020446912774356536,0.9810398869017847,0.03751142129383407
CAT,0.003941708868993489,0.000818464092031493,0.9851002221366689,0.015700314898220512
CBOE,0.006622194757119276,0.016329363285375296,0.9421347335862482,0.05921111772765685
CBRE,0.005496658441818597,0.010158616362779154,0.969747638167273,0.028496780245876326
CDW,0.003784175262849334,0.0,0.9816335764448478,0.023381038478584682
CE,0.003202212305558252,0.001443821636111095,0.9821773388531467,0.02507337453269671
COR,0.012098924814782263,0.052382308552651025,0.9253891020736174,-0.00508521822033093
CNC,0.006758660420434416,0.007844723551425918,0.9802559792098993,0.0039376287410183035
CNP,0.002558722606289392,0.008941508158441355,0.9720655129188849,0.024875857955410294
CF,0.004312346833128281,0.0066734549206037925,0.9841888678552528,0.010987420439730585
CHRW,0.03811544941864342,0.027883189949003715,0.9213412238777673,-0.016785149888862903
CRL,0.018494682113287857,0.008998997241324433,0.9500928948352135,0.04497799991847883
SCHW,0.011941777638785801,0.0,0.9711227865956759,0.030439780422189422
CHTR,0.01646163670962043,0.009703275600735873,0.9405739413789169,0.05780610860740178
CVX,0.0013912754075561247,0.005184022564551788,0.9824287804047913,0.02180736658538596
CMG,0.01283903191844907,1.1273814736162302e-10,0.9521676614790636,0.06595308640525235
CB,0.002368256376937078,0.009238687542474809,0.970583589267892,0.030743303722395143
CHD,0.009401621604724198,0.03998618700713673,0.9329279402562195,-0.003915380063767751
CI,0.010774376077168937,3.893895552880397e-14,0.9665998367909928,0.039965424501990976
CINF,0.006508954681720335,0.02600630975445922,0.9668229090091589,-0.0003178020789768197
CTAS,0.004714282159720535,0.0007384856286073803,0.964164774571391,0.05395992686194454
CSCO,0.012113356862657323,0.05303949346343247,0.9524775987054154,-0.051498857855728344
C,0.0032639207134379004,0.0036112781339387415,0.9773068104669823,0.030776006767912083
CFG,0.0037668684834950826,0.004139156046497432,0.9813640756640383,0.02309355870210799
CLX,0.007687654758722752,0.03022951615079779,0.960547593618439,-0.006573510437795048
CME,0.0033402939805452013,0.0037963725235047076,0.968674938621878,0.03934624228571958
CMS,0.0026469127938848853,0.012929257942727816,0.9681601392557628,0.01962957084472955
KO,0.001448192749401982,0.0018834834645921116,0.9740524059693402,0.036044678931058546
CTSH,0.017429214623298283,0.04768023085811178,0.9152805422966356,0.026198383479931888
CL,0.004144734598547128,0.0041610911755370515,0.9601291949117717,0.03462651140294303
CMCSA,0.010522373953486298,0.016581417774335232,0.9546996227700403,0.010951414984323438
CMA,0.012742796071587055,0.008797513851379443,0.9589858462242826,0.05427159801875658
CAG,0.013544536801809285,0.010638351467632316,0.9525166507704997,0.015525667424117925
COP,0.0016341417816956327,0.0020470775044037393,0.9854911958534724,0.02397733770538128
ED,0.002814135863105462,0.009852883842368598,0.9713280910665844,0.017677628737911715
STZ,0.003057970329930579,0.003061406943596738,0.9721940706298159,0.03492162590532468
CEG,0.008125206719249543,0.19999921300064322,0.7550005042502577,0.049999588730844514
COO,1.1480929206979311,2.2128513280286342e-07,0.6117316112542932,-1.5164651485646798e-05
CPRT,1.1701430469924587,0.06372338888347438,0.0,1.8725565618212525
GLW,0.008167599169806933,0.006515840436574242,0.9719996365978336,0.015874603243405172
CPAY,0.007320574885325902,0.0061968020045769494,0.9627571222236279,0.043257088778142425
CTVA,0.014233410797429192,0.006419788567613443,0.9632440698780599,0.02222676509445528
CSGP,5.22706037826707,0.9999309368172116,1.4519056701495224e-08,-0.9999995647102713
COST,0.001649091450562366,0.017948562127605143,0.9729071749569225,0.010726455925566829
CTRA,0.004729067079105843,0.015475104426409602,0.9817156646066919,-0.003627430522208552
CCI,0.0036362911455034954,0.00894056687886118,0.9784506513005612,0.008835038172819304
CSX,2.0585699210962756,0.008973529444022408,0.0,-0.00898005328340947
CMI,0.006211292658956408,0.0025013246297030715,0.9742424356099997,0.02305299371496042
CVS,0.002681376617940543,0.0005576268156948476,0.9898786025162721,0.009810590858127046
DHR,0.006402988663297803,0.0,0.9761050214327894,0.022168871623469606
DRI,0.0023195956572430202,0.007228074415921111,0.9748957105490118,0.029578402023549888
DVA,0.02920927047955033,0.11236818120409536,0.9223402075001252,-0.09886858419819952
DAY,0.012101305669854928,0.022617864481280132,0.9648808502934295,0.0074672970788579405
DECK,0.012773646298495,1.942336322912666e-09,0.9734506673995867,0.032563727028946846
DE,0.005882025241305137,0.003399442782198518,0.9765712336739987,0.022440187096436037
DAL,0.003630522308458596,0.007902156686368011,0.983290326546896,0.01166374141510724
DVN,0.0012653434644471072,0.004984899582874699,0.9875706948431987,0.014889666462166336
DXCM,0.022730688974125102,1.1609049929873312e-05,0.9779130570958259,0.044212950972847345
FANG,0.00645629126844503,0.008079758626461203,0.9686662918781768,0.046507898990724134
DLR,0.0027203992299730637,0.008271556822106823,0.9773756445174034,0.019374307785015196
DFS,0.004565711091293916,1.2602620089212257e-11,0.9892245631345717,0.012968729394992783
DG,0.012385224940687767,1.989434021580664e-09,0.9470497414235148,0.08360934247748435
DLTR,0.031082274110296817,0.0570175656929951,0.9398081338555966,-0.0526028995541
D,0.0018420384820789927,0.009320356721452944,0.9718206892855483,0.02820635029152292
DPZ,0.051768207994686635,0.013860606393470329,0.8761354309663949,0.07672884348468394
DOV,0.0031316748384175495,0.0030540984008944464,0.9755699416867725,0.029172432843990563
DOW,0.0012144374072491709,0.0011407064453602604,0.9895699116854365,0.016413565192670114
DHI,0.005606135368173203,0.004247235956207579,0.9795897059733188,0.018838269176175367
DTE,0.0038326735001280353,0.0026763436545069828,0.9714571390243537,0.0306519249320497
DUK,0.0019555982222283566,0.018657536156765662,0.9662834407810927,0.016924153903048245
DD,0.0061996975705036275,0.0021212698637024592,0.9768969211200904,0.025249092393753936
EMN,0.0023892529272727787,0.0,0.9882235290251153,0.016466831166691797
ETN,0.004809202302269726,0.003379824022307062,0.971507329385622,0.03194304900901667
EBAY,0.012676581737617704,0.008788216882116687,0.9704367364638007,0.004990554849586612
ECL,0.0010942905477227048,0.0026894361420051124,0.9849833676866712,0.02100210044485311
EIX,0.004265401024404394,3.0282188609660626e-08,0.9738409025959042,0.03239195389642573
EW,0.6547868984236697,1.0,0.01112748644254577,-0.9999938808561581
EA,0.00981688705306306,0.02122991842552451,0.9598824697914352,0.0002730824122484095
ELV,0.005759181548725499,0.009047042975443814,0.9674452151942848,0.030119881797624336
LLY,0.014408753243992404,0.0013631686449390782,0.9659143888651116,0.02108423850202346
EMR,0.002274036431846201,1.7482051136460724e-07,0.9826727124126093,0.02694002385068208
ENPH,0.06283016615852004,0.005445299613599869,0.9721439783226015,0.01039283409154723
ETR,0.002349265671146003,0.007851548921564203,0.9700944392678265,0.029329372600007644
EOG,0.0018282176385639286,0.005978927096442773,0.9847784851729141,0.01759287495061706
EPAM,0.0033433834480944627,0.0014334928040383849,0.9790039359268808,0.038192112806484164
EQT,0.002852402565544195,0.008833159167428859,0.987499695840018,0.004996660877756296
EFX,0.008413449284334719,0.0035512113148094076,0.9743931792223154,0.018309640393190593
EQIX,0.006056051987089141,0.0034909661228761557,0.9666632155798853,0.03611881203570398
EQR,0.0012293233396655676,0.0065058234260776115,0.9781848164657435,0.0264646635865722
ESS,0.0020807472773378896,0.015676577539188528,0.9727272090438108,0.014995942081098236
EL,0.014710711301957429,0.004744650357271153,0.950665647354574,0.06768587447134325
ETSY,0.04630853630764209,0.016270072788316152,0.956625017841976,0.015631799629004264
EG,0.004176783947427793,0.009122370141970145,0.9636922888202001,0.04231293363180849
EVRG,0.0016232492760617201,0.007130432471045031,0.9746352752774818,0.027280741691452608
ES,0.001384001508834152,0.011196060291126363,0.9760598885305577,0.018874651549029727
EXC,0.004705395511192178,0.06898831076710886,0.9594794636708157,-0.056935548875848944
EXPE,0.05950267211079951,0.004103213656597303,0.9452965365337715,0.03489307240380494
EXPD,0.009652152528425868,0.010646301903990225,0.9548105806490295,0.024838614249246257
EXR,0.0032462190133967744,0.027187941842393145,0.9734558507937483,-0.01108287092743695
XOM,0.0007266178346627606,0.005311443065423573,0.9884164929816254,0.011154458418411112
FFIV,0.021441001551457863,0.02449598784394549,0.9370216501294678,0.013858485498452235
FDS,0.02918268646968847,0.024152333719145536,0.856550257584636,0.13789074565443699
FICO,0.007521984368345144,0.009835225422096949,0.9610514115219735,0.04556078064636814
FAST,0.0043178054900664935,0.0020354469506711475,0.9900491291869047,-0.00048579324146509004
FRT,0.0011095752816876118,0.005070647375221972,0.9815762994931861,0.025749927948088665
FDX,0.021847834480272946,0.005436513596544845,0.9539034871283277,0.04156123369867984
FIS,0.0095735128377806,0.0247659580848375,0.9427345229365682,0.05344367198294812
FITB,0.00876526737937462,0.00794766951203689,0.962650317999814,0.04490017334125365
FSLR,0.010431483056241602,1.2821753499655844e-20,0.987767340009091,0.013055788036917135
FE,0.0038625723442538167,0.018779260002582263,0.9525422827596427,0.040172785930406955
FI,0.003965587005988469,0.006450855381728994,0.9709403232705086,0.030388939189344117
FMC,0.019480177108418515,0.034040316226466465,0.9497129628886573,-0.013794079476334736
F,0.005881172278938435,0.01309815226836885,0.9825468293693546,-0.0009753376531993548
FTNT,1.3116072005972765,6.796228505009571e-10,2.558608766033947e-07,1.9999999554387704
FTV,0.004131422683592926,0.018518520267217477,0.968616820189284,0.011700626768282032
FOXA,0.0028134106311174844,0.0076594749011230584,0.9800534287386522,0.016259191609220014
FOX,0.0029017339114265814,0.006870290053745056,0.9789957271341311,0.019151752498138202
BEN,0.008604758864211972,0.01069842520272416,0.9715918686243565,0.014729274370849423
FCX,0.0034632976125633912,0.0,0.9916510389051902,0.01270160828320576
GRMN,0.003984472273985579,0.0,0.9799047219431597,0.02377571202058672
IT,0.018873390097027366,0.002200695480363411,0.9588938792842427,0.02947187812278212
GE,0.014816974528460092,7.688473043303658e-05,0.997779823711633,2.164615679915762e-06
GEHC,0.0033266804849061454,0.200000258870225,0.6799994323194171,0.19999884798830392
GEV,0.0006624029998301254,0.20000014204365102,0.6799999622679038,0.19999995993185832
GEN,0.06207580220414157,0.23861830984828628,0.8774637399048185,-0.23216405140004046
GNRC,0.005810132211960005,0.005383305831232579,0.9871122900190854,0.008799168717391078
GD,0.0033336523015525424,0.006617015680215144,0.9695322035452602,0.030327855742845126
GIS,0.014863585686297795,0.01403708619455389,0.9255631032622464,0.024299007202606745
GM,0.014046748077285958,0.010895194245310139,0.9666817409210582,0.02125105488407605
GPC,0.005112974732690425,0.003240811440237053,0.9747498928974387,0.02074877702904513
GILD,0.002440143936357552,0.014775846930424308,0.9856244755068724,-0.012440986041111882
GPN,0.008991844335030216,0.022649763686183152,0.9580696977381082,0.018503242892472054
GL,0.0036252031163601845,0.005270794937185785,0.953227486075462,0.08300343748182053
GS,0.004669792319893756,0.002884545431396682,0.9788700675072118,0.020053316914235134
HAL,0.003967819293504029,0.0038601521128770865,0.981646121506798,0.02743875642189224
HIG,0.00159350982214658,0.010862573244768503,0.9712387230639266,0.03561142114657159
HAS,0.013809399268953934,0.00044326112381084756,0.971493542846787,0.020399179102402645
HCA,0.015437975433854199,0.044573400003439054,0.9461715850829082,-0.009592213119675104
DOC,0.0026901751680730637,0.00627185792042499,0.9744311984118064,0.02876946772821845
HSIC,0.005911114688603675,0.01852361578440134,0.9652080555336381,0.010270580819198166
HSY,0.004091222565170757,0.005634202667949132,0.9576412137382555,0.046044002501994134
HES,0.001901514991689266,0.003204782654118165,0.9844217588135981,0.024746917063212727
HPE,0.010560828198248221,0.023250560861384297,0.9671205756113539,-0.005497621909297186
HLT,0.0015599653467629306,0.0,0.9823594301529487,0.03269361635956361
HOLX,0.0032984123103456946,0.02010943524243901,0.972416931218318,0.0027654164251635764
HD,0.0046399986560626124,0.004655619358827779,0.9697682992785394,0.027411158994087144
HON,0.002299503593013618,0.00905908735371024,0.9756298389413929,0.017664951733652186
HRL,0.013950020057004638,0.02396199043334757,0.9205584402101844,0.03308987238668392
HST,0.0018658778251550382,0.003722949039721092,0.9849889339241715,0.02002850418552631
HWM,0.0019245617305950384,0.00219240367200985,0.9805011549622584,0.033495983436264185
HPQ,0.004528790647857444,0.002008066739994196,0.9838688666798135,0.018028129412802366
HUBB,0.001919223928865129,2.769621349099126e-05,0.9842139751117466,0.025395401336650105
HUM,0.022422994032249354,0.013792033375436276,0.9438519137629577,0.022109121976634203
HBAN,0.010056571415342382,0.008437320406852925,0.9636362294679082,0.03615739303602243
HII,0.0036192333681009385,0.007754841268037015,0.9837245753407537,0.004101185981936849
IBM,0.007683220074793266,0.021452725362755706,0.968772678119194,-0.013120653734054572
IEX,0.005106440318814059,0.0069005375247808325,0.9592373940774936,0.03985420655386878
IDXX,0.006030868149099978,0.011220164353283971,0.9759695240120096,0.009072629735867718
ITW,0.0033153149416043208,0.012519038112414324,0.9731125325946541,0.010647022346878776
ILMN,0.06836333717558951,0.011482081266813816,0.9081315707540372,0.05962109793781263
INCY,0.020850949230819277,0.025425217581579222,0.9472550485296654,-0.011264794986725194
IR,0.05134787525344273,0.05614667776657584,0.9720999239596717,-0.05613317812875803
PODD,0.009841898936625256,0.0001892826515209163,0.9719016484106542,0.04470732043455368
INTC,0.02765982412955543,0.034019475740438086,0.9527834502794492,-0.03238321881662497
ICE,0.005856254565167462,0.007972648197803136,0.9505629792587998,0.04550326883857835
IFF,0.021739085993796176,0.006064975420879234,0.9504673451197435,0.03245950058164175
IP,0.0062586227730995715,0.005352345714581602,0.9768044895502266,0.017001833466500846
IPG,0.004077746912452667,0.00968937160826873,0.9738509936026253,0.0227049542819967
INTU,0.00341040822787418,0.006422380718431749,0.9786957119708535,0.01975031579799414
ISRG,0.07188553732802166,3.795302478144936e-05,0.8404132517586028,0.31934875247815064
IVZ,0.007045311964257605,0.006438710997637558,0.981639586576292,0.01088021249405132
INVH,0.0017831019682680413,0.004957179456965505,0.9771844053029592,0.02657220763314968
IQV,0.0048350655778275735,0.006777596875522883,0.9731152548676978,0.024850479521553753
IRM,0.004585410853894456,0.013674368714347325,0.9721319880162304,0.013268804763048836
JBHT,0.011576840629232575,0.02142747551869797,0.9583694224370098,0.002268722642335622
JBL,0.01617742089067563,0.0,0.9608756386414551,0.045185849410003046
JKHY,0.020514024463084632,0.09227089127535891,0.8848657961886924,-0.02102476854683711
J,0.005701569240176667,0.013248853505544198,0.9580113770575903,0.035235110387252286
JNJ,0.0035905507049119136,0.011349688348088957,0.9655511761197936,0.014262972751897827
JCI,0.008454509482280992,0.01972674087854868,0.9601537918883855,0.010688051829191305
JPM,0.0014251746923719154,0.003711921114823784,0.9824831671134219,0.023457049071808785
JNPR,0.019271173774130568,2.630642253259448e-08,0.946374900991718,0.03601906616853764
K,0.015324417883287355,0.021387927857918838,0.9297416708587751,0.013700632300890225
KVUE,0.001777520060569802,0.1999996634465148,0.729998771579779,0.09999814895583123
KDP,0.007763784649489598,0.02189370614026692,0.9472464001132468,0.01100830020458301
KEY,0.007830153741746912,0.007557210992348588,0.96310442691215,0.05457929217396652
KEYS,0.01062780417542617,0.0,0.9673476672039966,0.032625432717714
KMB,0.009408419641800862,0.050226145928589844,0.9240786236400953,-0.014772711120355825
KIM,0.0011224195073583783,0.0014839940188446214,0.9858049750631707,0.02413142789857994
KMI,0.002581564753917264,0.010373127502677305,0.9683053659788108,0.03360176129742289
KLAC,0.009757996721928898,0.0011675718816027364,0.9758342185468444,0.026428606377275076
KHC,0.0075604928405970575,0.021857494803699574,0.9661273159390803,-0.003693938039399122
KR,0.012376637025129271,0.045294790584529995,0.9463979755525204,-0.02643293179949491
LHX,0.004252433251024797,0.007849857772565121,0.9707206962930898,0.023836490146766896
LH,0.004116002348626769,0.03116838836583388,0.9716563114314486,-0.019222995074428748
LRCX,0.0072093138990119866,0.0,0.982042631196203,0.0242645546527536
LW,0.010471331516619895,0.009990236404723152,0.9299641240397518,0.12009252495269707
LVS,0.004156153875895872,0.0024192525544130985,0.9835700789697798,0.022783753720986122
LDOS,0.010079134754073496,0.033804111242888596,0.9495926744632525,-0.003564081368888564
LEN,0.004688808086362937,0.0027956687511308622,0.9806843753869411,0.022858271996974225
LIN,0.002319203914588796,0.006634141371438763,0.9724444144566294,0.03178522077277585
LYV,0.016861488905853077,0.013181845026411718,0.9491334908904847,0.05805265005100387
LKQ,0.0051291115559938295,0.00361843389692489,0.9781176269485953,0.02321530661273622
LMT,0.005106627041393938,0.03557076416287676,0.957424825270274,-0.013467865142799188
L,0.0009922082025571749,0.006972782517139267,0.9757414991381609,0.03229595487505956
LOW,0.00478808005238608,0.0006296580806352907,0.9737959780494412,0.03586155011450699
LULU,0.030275333225530835,3.7338461184562305e-13,0.949904207130233,0.040018633628956565
LYB,0.0007967054649716729,1.1709494174283467e-15,0.9893778429171377,0.019815084330447243
MTB,0.004107422432204638,0.006486627143419274,0.9813308487129084,0.015741557111152184
MRO,0.003914117348111664,0.005269368828066789,0.9787192623486995,0.0320336883438325
MPC,0.004656411871367334,0.002809868995303594,0.9818670560270021,0.021590319239266284
MKTX,0.042220838048828466,0.032214290307505014,0.9214751356185743,-0.010079111663423752
MAR,0.014250547913235777,0.01226190402685717,0.947517669230994,0.05024137110228815
MMC,0.004589922703787008,0.004643755296352171,0.9560626125535451,0.04494960184344354
MLM,0.0014609018482124331,4.4844071022492566e-20,0.9874076015656599,0.02131025325009398
MAS,0.002335749430287037,2.7225011542043257e-08,0.987353524895201,0.01733465097440691
MA,0.00162494844136799,0.006267328782793041,0.9781342843364403,0.02518120190791928
MTCH,0.04535795260487566,0.008758445854525013,0.9473707867454148,0.03554239296932441
MKC,0.3324340273552828,1.0,0.00023815992089293588,-0.7016311951812286
MCD,0.002478418088795499,0.012802014005884935,0.9625617339265774,0.02760382227862237
MCK,0.00876115896162424,0.023775681703360876,0.945878985464702,0.03186097939539646
MDT,0.005062675669530634,0.007082658558288785,0.9677065010830898,0.023803657651425385
MRK,0.004037623487240586,0.012620110867400778,0.9733302426226371,0.0038533656052294686
META,0.0016704206191534572,0.0,0.9958947428758523,0.006037359373354605
MET,0.0036918516109012175,0.0028283878668776473,0.9749577638557033,0.033397103501762476
MTD,0.006390476417162055,0.010577031153671571,0.9709581220906022,0.015637157335158237
MGM,0.0025785968223176535,0.00018486125640279885,0.9840725817628903,0.029278311873099313
MCHP,0.020565423942116284,7.03928673025248e-09,0.965510019543533,0.06907026011373582
MU,0.009222832182582023,0.004298754276134325,0.9837713760499758,0.009284488428073705
MSFT,0.002348992446557443,0.0012068294834849335,0.9777777413954433,0.0330080704061406
MAA,0.002247140394276143,0.010894532090195995,0.9739553655843592,0.019033847397432708
MRNA,0.014542032175936045,0.0103033926748437,0.9848397159286745,0.0020172247828137988
MHK,0.008885053033050523,0.004703592264849321,0.9835338406786196,0.009269073884579426
MOH,0.006417656350357518,0.009414628893997561,0.9778127387663863,0.007531775124018218
TAP,0.0041832569001267516,0.016824835076551293,0.9800813009414577,-0.00567553808540077
MDLZ,0.00364048834380638,0.0006164642656810866,0.9688808877643674,0.030044477502120137
MPWR,0.010985838845526438,0.004230709570084932,0.9705428703123041,0.03772795188991383
MNST,1.0623452641215347,0.03833878805609675,1.8094221508466237e-09,-0.03837513606760802
MCO,0.0039318474696410114,0.0125892104538426,0.9688287802406405,0.021146823767301627
MS,0.007917483333506992,0.0017263705888716846,0.9737926822120707,0.02579894161981272
MOS,0.007859848692265949,0.009321367017615509,0.9816201871374983,0.00813707204665974
MSI,0.003366088709457901,0.00543771411968467,0.9641687208445321,0.04552445632227663
MSCI,0.010915406277608519,0.006660509678897307,0.963414751897756,0.027821167075897078
NDAQ,0.5858492250246102,0.01671692634414059,0.018324040802941872,1.9299276324551535
NTAP,0.07346990733613762,0.0013953525571993488,0.873062601924692,0.10856629055083045
NFLX,0.0029923927605453636,0.0004564870963800168,0.9951855154128477,0.004837780533313459
NEM,0.0035942443357415673,0.009435877068738293,0.9840496833780169,0.003784233301614024
NWSA,0.008309488907097248,0.018834260849961853,0.9570426315416374,0.026083603473643822
NWS,0.008512797493801329,0.020560514192841006,0.9567123425900088,0.022484646106858863
NEE,0.812205847567244,0.8769343627051323,0.5615725742143189,-0.8769047197512263
NKE,0.014584047307828338,0.0,0.9579286012623738,0.0404061052782559
NI,0.002148087615791999,0.006395432446031241,0.970829954184372,0.03269918082415072
NDSN,0.002630416926093727,1.0546019076764375e-09,0.9825505864117671,0.022508147434814458
NSC,0.005293423674054282,0.007162574414075539,0.9726052371488084,0.01935960907352363
NTRS,0.009123356598086593,0.006620957986670585,0.9708881178678989,0.019219283052305698
NOC,0.011204445881025657,0.0243626639760636,0.939793388357627,0.02086628997440973
NCLH,0.03488324333527597,0.024196032073412584,0.9597181634478006,0.010621534040110498
NRG,0.00423508934086033,0.018551321261164766,0.9666894222940542,0.023612473438656054
NUE,0.001968415288109842,0.002976901592094845,0.9893022340289771,0.01208363738177417
NVDA,3.6759247981578644,9.982333501891887e-07,0.11105644488560344,-0.00011929946639395235
NVR,0.004822499116199364,0.008309758621022331,0.9724043243639067,0.023056151953996917
NXPI,0.00661510615860717,0.0011162083669031915,0.9801195054279069,0.023515164384948134
ORLY,0.004405425488661067,0.0014930276810650063,0.9705207861420245,0.03560046920785733
OXY,0.0009620287947655231,0.01016221853493202,0.984470705148882,0.01133310222252641
ODFL,0.8025230612422102,1.0,0.0,-0.9061501672901248
OMC,0.0026811469382978454,0.019496953216485455,0.9773937385803924,-0.00018069918750005312
ON,0.014803659837294142,0.0023646433201235935,0.9711416960806403,0.03650773021764128
OKE,0.003370395299477995,0.01409863048770755,0.9606541936098807,0.05049448629495888
ORCL,0.02051346901456175,0.015175230456046318,0.9349716788078845,0.028650602050775378
OTIS,0.006061063730349313,0.0877994959432224,0.8839767057152434,0.07116220202387612
PCAR,0.04526758014897377,0.030296155264396385,0.8262652222514445,0.2868772449682949
PKG,0.006332254064086359,0.0004373906094307815,0.9724722134099294,0.031702594336266335
PANW,0.2450917614712825,9.499417199602276e-11,0.8163923502459619,0.36723389607051105
PARA,2.292575145868832e-08,0.04180681064310452,0.9792234430998952,-0.04170097911302271
PH,0.004479582343300896,0.0,0.9759435027022292,0.036237204220071935
PAYX,0.004662370597845938,0.03415647638605042,0.9498889380883453,0.011490303185287192
PAYC,0.058558257664660864,0.024562895611387206,0.9447432400705358,-0.0040565727283017805
PYPL,0.010619450723373893,0.05460550767321679,0.9620167414920733,-0.03939342146266561
PNR,0.0013698258350450276,0.0011574686178812232,0.9870625984785977,0.019266847166525655
PEP,0.002063283614877012,0.0007263729615779022,0.9725607170465811,0.03269550350723249
PFE,0.002629132853727218,0.015374008371490335,0.9807103643771681,-0.0022145651585518313
PCG,0.0004483597909163478,0.0032105659665751913,0.9869216613725459,0.01956194646232486
PM,0.004869198467203611,0.003071287429233005,0.964581541857123,0.035332547491295024
PSX,0.0017415736405382585,0.001652063440126719,0.9872777757310304,0.018687038426105425
PNW,0.0041618494593617635,0.02850854802165073,0.9535339985580938,0.014761927825650408
PNC,0.004262475292454999,0.006981447856184995,0.9749216072263857,0.023211710924839167
POOL,0.004059478985235859,0.014335462759242322,0.9771194914307995,0.007323146847704644
PPG,0.0007602737224695461,0.0003573523065274455,0.9890080933005123,0.018997301166563094
PPL,0.0013833126554546984,0.0033971527912105594,0.9773579053693147,0.030953821212787537
PFG,0.009675346558504263,0.008170817913032357,0.9655067092847703,0.025363300842880177
PG,0.002334104920509371,1.164677723812354e-11,0.9713771213629305,0.03769196815672362
PGR,0.027006701957896638,0.0,0.9113727989307685,0.056035096714594404
PLD,0.0025984458257848333,0.009631208544908891,0.974501591271866,0.02076734736780017
PRU,0.005501013654987815,0.003051083289950333,0.9720511960161907,0.03288988393954728
PEG,0.0008324074774053083,3.61719520456797e-10,0.983971667081991,0.02597839389999925
PTC,0.025960559257933113,0.0031442499790246404,0.9379506338888516,0.05875936018249093
PSA,0.003196697437162256,0.01709020725122954,0.9700251934710884,0.009495170339421934
PHM,0.011467927498898557,0.007014291570331755,0.9670557830390935,0.026327871490655748
QRVO,0.039696702715771394,0.020983181739845286,0.9302484947093631,0.022838607731855597
PWR,0.002929212373445428,0.0,0.982548870584989,0.02974094448990478
QCOM,0.027047235520405916,0.009210072830263026,0.9462120615093242,0.033948972545822416
DGX,0.0022989658726808946,0.016901033478618262,0.9751014260743593,0.00541262968864065
RL,0.0066490836966431,0.0,0.9842501906848545,0.02044189994033044
RJF,0.018679951561936383,0.0,0.933409353578497,0.12635566667412196
RTX,0.00803516600550256,0.003735457579851173,0.9644570439720951,0.04450600172546466
O,0.0025105786161324774,0.012723077767055165,0.9666700310849514,0.02828181325642042
REG,0.0015973526158736583,0.005600422182548899,0.9772627538174627,0.03133633471242255
REGN,0.024802833588476746,0.029645030099441316,0.9265549643481413,0.015975256499182054
RF,0.005033459837000357,0.006596450764273618,0.9770071055477417,0.023263744782953386
RSG,0.001558749021892592,0.00592824759118588,0.9696248868329655,0.03891801301953639
RMD,0.020229737203333327,0.0016548432215188773,0.9509099073895334,0.037964946057913104
RVTY,0.01434071934909319,0.0059159349653127675,0.9651456266510773,0.019330149461082805
RHI,0.003924507637620234,0.008930966424988253,0.9765441308386694,0.017881756623875512
ROK,0.016127300520293535,0.0020178299659661908,0.9601263112675461,0.029013374036698375
ROL,0.024040715386137407,4.185781359143009e-10,0.9041731122185753,0.1917631022438157
ROP,0.003062691538999773,0.016550812388350468,0.9616038181408157,0.025834164728111574
ROST,0.0028073413356267396,0.003981635154242958,0.9674345708151613,0.05718368116083035
RCL,0.002675017545851787,0.0010251458743573251,0.9880271126318364,0.019602856480300655
SPGI,0.005981450190122093,0.006886601945534438,0.9647946697818758,0.03027068089492864
CRM,0.010684851481082027,0.05321563399105461,0.9570893123076196,-0.033136580867395356
SBAC,0.0059381299356517855,0.010110541760079377,0.9717548429067582,0.014788995941082274
SLB,0.0034126303801228384,0.004168675525504329,0.9845066903903436,0.019604243020678157
STX,0.02264634287670618,0.02766283367980705,0.9501983002973405,-0.0026407541923821275
SRE,0.011811250996053738,0.029336984977703272,0.9852077935997965,-0.02931449772022861
NOW,0.014194921063146232,0.005771588124517948,0.9674759969108273,0.02641852972089461
SHW,0.42613937987582245,3.027353654534365e-17,0.7905560187136002,0.05514741265263555
SPG,0.002685957292085103,0.013540401794401661,0.9768442469728247,0.015265455067653958
SWKS,0.02753997296746769,0.022285857462426364,0.9437609033114138,0.011784168863813834
SJM,0.007412967576219595,0.015347814075903493,0.9593828264238842,0.012105331825455761
SNA,0.0038036896292976837,0.007803750818802728,0.9765211431868598,0.01552265519020625
SOLV,0.0003876565776353498,0.20000006260543138,0.680000032,0.19999997205034323
SO,0.002071679397399364,0.009856589443736267,0.969284839782612,0.026571416925466045
LUV,0.00193985865355858,0.0047434664612668485,0.9898724743942043,0.007234991319861052
SWK,0.003062746797556943,0.003630048247898539,0.9852595810174904,0.014689114706488475
SBUX,0.014181374777968407,0.001001853163779246,0.9574977897872944,0.03369793957291163
STT,0.0024063099688761934,0.0007301344347388908,0.9882125756089877,0.01678054934314511
STLD,0.0035239462015871645,0.001505596142517627,0.9878541126562258,0.015648742092640156
STE,0.002980951000013237,0.0003593841181502676,0.9841996480596191,0.017875116392923742
SYK,0.002338119222573252,0.0029925853941478917,0.9810262523653211,0.022429197783146337
SMCI,0.0027917778386856683,0.05689752176389927,0.9666228262993738,-0.036944367451500176
SYF,0.003364401436777381,0.005374998513769962,0.9818853138011508,0.01971556446038436
SNPS,0.006167629836267889,0.0044996383939151525,0.9741185069470957,0.02584151120141736
SYY,0.01335829112743553,0.01579769915254008,0.9331369557926092,0.07068012974243916
TMUS,0.002658659201322976,0.008894439517642865,0.9761873375937379,0.019870983587466397
TROW,0.0032939920433273915,0.001721829253796404,0.9801983269029745,0.02644817497469863
TTWO,0.021073383565877093,0.016199466711380263,0.9417003716335091,0.03504852475775638
TPR,0.015442661716743267,0.00886248977669206,0.9611561920862786,0.04052344197725215
TRGP,0.004071903576004183,0.0100944129861489,0.9703752689211929,0.039060636184481225
TGT,0.009207109461048992,2.1706928293705553e-06,0.952169605880435,0.0956867788462926
TEL,0.006910873602001535,0.005868719769531124,0.9662382859951917,0.029336919894467028
TDY,0.00526592432711929,0.0016528462480492204,0.9749630783319354,0.025312654123243763
TFX,0.0162208741498552,0.017602659551939934,0.9556830408795352,0.005440780907546231
TER,0.02091225647427383,0.014942619545560585,0.9552551124799294,0.02539495124483346
TSLA,2.0364706771439534,9.963116325186871e-08,0.7086726851017526,-9.17111267354148e-06
TXN,0.007451390679769499,0.003939076563938523,0.9691659835428971,0.024187644410069636
TXT,0.004835018060330992,0.0,0.980094467375837,0.028396216916494764
TMO,0.00682447894811673,0.00601989764857888,0.9658327569625971,0.029798275553774914
TJX,0.0023229591701520564,0.012396751204470832,0.9652555710089499,0.04469535557315864
TSCO,0.004991110442132277,0.0036619403671529615,0.9771262882709275,0.019336007730535953
TT,0.03216259344462434,0.0,0.8467928504414709,0.3065618459029979
TDG,0.004588099861906514,0.009424148229225583,0.9688631740111263,0.03388643884717343
TRV,0.004279172188640785,0.011138883937175865,0.971457107571846,0.014003393822791026
TRMB,0.0034647805517832395,0.004155898522539945,0.9795549734274375,0.024170469256372944
TFC,0.004741197151528238,0.0057873265625465005,0.9732720297332016,0.03133059121610723
TYL,0.0036554061040759327,0.0028598887881115882,0.974090106438246,0.03326741321332165
TSN,0.018174235470848486,0.002728955898862696,0.944996854390437,0.043639193584435756
USB,0.0013197993041918806,0.0012619906253631549,0.9877821341718062,0.01855143631919302
UBER,0.018675378475654935,0.005051294652936353,0.9647952543124639,0.03997601605842147
UDR,0.0014245298423847628,0.012476662550754965,0.9770905073930847,0.01645328802513831
ULTA,0.012010324309601899,0.0006900623087720562,0.9784341251495622,0.021630497086034126
UNP,0.004961724121044371,0.0012992370620540069,0.9731523578462343,0.03046901845092811
UAL,0.02762716995774297,0.02901223913852354,0.9538219613904816,0.007909418226886867
UPS,0.025545701984414866,0.02133752734576802,0.9311655406201855,0.0055144107856992235
URI,0.007651743064612567,1.2696967314184564e-13,0.9818965530672914,0.023633416608191793
UNH,0.002645475987230447,9.634231241167835e-16,0.9833236139723608,0.02335695805565352
UHS,0.01256418634278249,0.03272441706459602,0.9541690783837322,-0.0010398786462828635
VLO,0.025239567194056296,0.008998076336425407,0.9505109234946763,0.044990059877819
VTR,0.00464611925615144,0.008363703915714872,0.9673233077177001,0.03884244423534026
VLTO,0.001081785549421731,0.04999996421474625,0.904999352286907,0.04999924850967118
VRSN,0.005168636890515076,0.007790896695886741,0.9641577996469697,0.031148384481372204
VRSK,0.008782679235467838,0.0037848309818154686,0.9367497664145463,0.07601473910130561
VZ,0.0020868817048180083,0.013520061331059662,0.9706776702568143,0.01890209449810452
VRTX,0.0051598345258196815,0.0007892849627807434,0.9830415475345458,0.01578892055057965
VTRS,7.015099668646734e-05,4.718987246807868e-07,0.9656032842069108,0.06397067641951924
VICI,0.003156421936448676,0.010286844351104354,0.9657289789215274,0.03353372162686891
V,0.001223778291952399,0.0037734411126353665,0.9806454812924954,0.025234455757595475
VST,0.009397916715524634,0.029661882663259725,0.9467923662573525,0.04059082251569146
VMC,0.0021312884669922078,0.006787612585465875,0.9786678203104786,0.02313089232760199
WRB,0.3149190947624648,0.2739354478353994,2.0649283728101539e-10,1.452129104022593
WAB,0.002104374478465652,0.0006563414324432644,0.9854099480470572,0.021705856629821708
WBA,0.021289577644002643,0.046412992841996605,0.9447328156934572,-0.04043207552787813
WMT,0.4184028270556393,1.7828309616566387e-05,0.7696365481326229,1.4607622089878021e-05
DIS,0.0037673366934395966,0.002363989517695523,0.9864465278262021,0.011484508005184996
WBD,0.008172214758728933,0.03919763398137821,0.9669146483119695,-0.013918038089238458
WM,0.0032501122665788145,0.019623788185916355,0.9459070222223106,0.04748900998407317
WAT,0.0013903736835882065,1.008667564210727e-05,0.9929401151436928,0.009819216573271347
WEC,0.002691277664260111,0.019253621241258782,0.965560247291735,0.012588441887912773
WFC,0.0065060722659226805,0.010007946301805461,0.9712901037761881,0.021380483200882858
WELL,0.0025078526811365726,0.009882395717021769,0.9703872711428262,0.03479576297930139
WST,0.006821257423920092,0.01256778578579235,0.9764878863137156,0.005057863585184206
WDC,0.009812404845107581,5.920705506797591e-15,0.9884998933244402,0.009297532919971164
WRK,0.007876096143134476,0.009656566619161758,0.9743746130318235,0.015581405928944275
WY,0.0075472282020461745,0.023869139291861845,0.9621928906010665,0.0011239941248969354
WMB,0.0033596197928033116,0.007688100490773923,0.9714809728469957,0.029988510783136524
WTW,0.011437895121423325,0.024441113449733036,0.9370987652916689,0.02592657422063231
GWW,0.002347086023850142,0.0004906343068509056,0.9856446272338368,0.01869281439763197
WYNN,0.00601209200789679,0.0013284322413143997,0.9833134209958809,0.024610559566042096
XEL,0.002189268132045725,0.00882722320747198,0.9708398927593472,0.026333396846985133
XYL,0.005401864719550808,0.01477622788249276,0.9613325949363417,0.03167190906493214
YUM,0.004564435173154956,0.007445107377975651,0.9619649870712278,0.03390132626237101
ZBRA,0.019786149882611636,0.004412200095467469,0.9707380858918461,0.011667045885775832
ZBH,0.0033968012914184407,0.0012520671201029265,0.9790925841321269,0.02756756306315135
ZTS,0.010755357265959347,0.0021833148115508053,0.939295543038069,0.0766143425988429
